{
    "data":  [{
        "IsDelete": "false",
        "Timestamp": "2019-08-11 12:04:37.818 +0000 UTC",
        "TxId": "7fc7f8d6d5b81ca2c965e2f04f6639f285070066249ef3b32844d1273418b6de",
        "Value": {
            "Data": "",
            "MerchantId": "5d5003da1000b0785ccd9cb5",
            "Status": "PENDING",
            "Type": "Business Registration Certificate"
        }
    }],
    "status": {
        "message": "got history ",
        "statusCode": "200"
    },
    "err": {}
}
