{ 
	"data":  [{
		"DOE": "2018-12-31T18:30:00.000Z",
        "document": {
            "Type": "Business Registration Certificate",
            "MerchantId": "5d5003da1000b0785ccd9cb5", 
            "Data": "data:application/pdf;base64,JVBERi0xLjcKJeLjz9MKNy…0cmVhbQplbmRvYmoKc3RhcnR4cmVmCjQ5OTAzCiUlRU9GCg==",
            "Status": "PENDING"
        },
        "merchantName": "Merchant 1"
        },
        {
            "DOE": "2018-12-31T18:30:00.000Z",
            "document": {
                "Type": "Business Registration Certificate",
                "MerchantId": "5d5003da1000b0785ccd9cb5", 
                "Data": "data:application/pdf;base64,JVBERi0xLjcKJeLjz9MKNy…0cmVhbQplbmRvYmoKc3RhcnR4cmVmCjQ5OTAzCiUlRU9GCg==",
                "Status": "PENDING"
            },
            "merchantName": "Merchant 2"
            }],
    "status": {
        "message": "Requests fetched successfully!! ",
        "statusCode": "200"
    },
    "err": {}
}
