{
    "data":  {
    "bank": [{
            "DOE": "2018-12-31T18:30:00.000Z",
            "dockList": [{
                "Data": "",
                "MerchantId": "5d5003da1000b0785ccd9cb5",
                "Status": "PENDING",
                "Type": "AcquirerBank1",
                    "docs": [{
                        "Data": "data:application/pdf;base64,JVBERi0xLjcKJeLjz9MKNy",
                        "MerchantId": "5d5003da1000b0785ccd9cb5",
                        "Status": "REJECTED",
                        "Type": "Business Registration Certificate"
                    }]
                }],
            "name": "Merchant 1"
        }]
    },
    "status": {
        "message": "Request data fecthed sucessfully!! ",
        "statusCode": "200"
    },
    "err": {}
}