{ 
	"data": [{
            "Data": "",
            "MerchantId": "5d4ed6fa11ab0c1f255c0764",
            "Status": "APPROVED",
            "Type": "AcquirerBank1",
            "docs": [{
                        "Data": "data:application/pdf;base64,JVBERi0xLjcKJeLjz9MKNy",
                        "MerchantId": "5d4ed6fa11ab0c1f255c0764",
                        "Status": "APPROVED",
                        "Type": "Business Registration Certificate"
            }]
        }, {
            "Data": "",
            "MerchantId": "5d4ed6fa11ab0c1f255c0764",
            "Status": "PENDING",
            "Type": "AcquirerBank1",
            "docs": [{
                        "Data": "data:application/pdf;base64,JVBERi0xLjcKJeLjz9MKNy",
                        "MerchantId": "5d4ed6fa11ab0c1f255c0764",
                        "Status": "APPROVED",
                        "Type": "Business Registration Certificate"
            }]
        }, {
            "Data": "",
            "MerchantId": "5d4ed6fa11ab0c1f255c0764",
            "Status": "PENDING",
            "Type": "AcquirerBank1",
            "docs": [{
                        "Data": "data:application/pdf;base64,JVBERi0xLjcKJeLjz9MKNy",
                        "MerchantId": "5d4ed6fa11ab0c1f255c0764",
                        "Status": "APPROVED",
                        "Type": "Business Registration Certificate"
            }]
        }, {
            "Data": "",
            "MerchantId": "5d4ed6fa11ab0c1f255c0764",
            "Status": "REJECTED",
            "Type": "AcquirerBank1",
            "docs": [{
                        "Data": "data:application/pdf;base64,JVBERi0xLjcKJeLjz9MKNy",
                        "MerchantId": "5d4ed6fa11ab0c1f255c0764",
                        "Status": "APPROVED",
                        "Type": "Business Registration Certificate"
            }]
        }],
    "status": {},
    "err": {}
}
